OID_,site_code,site_proj_comm,Latitude,Longitude,MAP,MAT,GDiv,ANPP,HumanDisturbance,N_Deposition
1,Alberta,Alberta_CCD_0,53.001238999999998,-111.519684,428,2,40.102847220000001,191.000000000000000,24.9927197,369.6689148
2,ANG,ANG_watering_0,39.738250000000001,-123.6301111,1565,11,42.253206020000000,175.991497100000004,8.9511862,234.5391235
3,ANR,ANR_Fert1_0,65.500000000000000,19.000000000000000,574,-1.4,33.217800930000003,68.000000000000000,4.0964389,349.5115356
4,ANR,ANR_Fert3_0,65.500000000000000,19.000000000000000,574,-1.4,30.125868059999998,68.000000000000000,4.0964389,349.5115356
5,ARC,ARC_MAT2_0,68.628408769999993,-149.590593,224,-11.4,30.376053240000001,185.000000000000000,8,22.2946663
6,ARC,ARC_MNT_0,68.628408769999993,-149.590593,224,-11.4,88.838402790000004,150.000000000000000,8,22.2946663
7,ASGA,ASGA_Exp1_a,42.549593000000002,-85.994617,938,8.6,74.916323320000004,140.658833299999998,9.8543692,977.4589844
8,ASGA,ASGA_clonal_0,42.549593000000002,-85.994617,938,8.6,72.860189039999995,210.906388899999996,9.8543692,977.4589844
9,AZI,AZI_EELplot_0,33.665999999999997,101.849999999999994,670,2,65.871631940000000,337.104399999999998,10.1022835,1045.707642
10,AZI,AZI_NitPhos_0,33.665999999999997,101.849999999999994,670,2,76.313557099999997,459.374480000000005,10.1022835,1045.707642
11,BAY,BAY_LIND_0,49.916666700000000,11.583333300000000,643,8.3,49.369166669999998,647.666666699999951,24.030653,1475.484863
12,Bt,Bt_NutNet_0,49.921944400000001,11.578888900000001,643,8.3,62.617754630000000,149.883925000000005,26.3754444,1475.484863
13,Bt,Bt_DroughtNet_0,49.921944400000001,11.578888900000001,643,8.3,68.089189809999993,288.330600000000004,26.3754444,1475.484863
14,Bt,Bt_EVENT2_0,49.921944400000001,11.578888900000001,643,8.3,53.508306330000003,612.475999999999999,26.3754444,1475.484863
15,Bt,Bt_NPKDNet_0,49.921944400000001,11.578888900000001,643,8.3,87.322013889999994,176.406200000000013,26.3754444,1475.484863
16,BUX,BUX_PQ_0,53.231746999999999,-1.918228,1198,7.8,57.299266979999999,380.000000000000000,39.8053436,691.4129028
17,CAR,CAR_salt marsh_SalCus,34.397343900000003,-119.5283474,408,16,5.998750000000000,1415.000000000000000,47.939266,354.2384033
18,CAR,CAR_salt marsh_DisSal,34.397343900000003,-119.5283474,408,16,5.948333333000000,1415.000000000000000,47.939266,354.2384033
19,CAR,CAR_salt marsh_JaumSal,34.397343900000003,-119.5283474,408,16,3.900000000000000,1415.000000000000000,47.939266,354.2384033
20,CAR,CAR_salt marsh_ArthSal,34.397343900000003,-119.5283474,408,16,4.869444444000000,1415.000000000000000,47.939266,354.2384033
21,CAR,CAR_salt marsh_HighMar,34.397343900000003,-119.5283474,408,16,6.628958333000000,1415.000000000000000,47.939266,354.2384033
22,CAR,CAR_salt marsh_MonArth,34.397343900000003,-119.5283474,408,16,7.075138889000000,1415.000000000000000,47.939266,354.2384033
23,CAU,CAU_RMAPC_FVG,43.450000000000003,41.680000000000000,912,1.3,48.767694830000003,240.027083299999987,3.7028646,828.8179932
24,CAU,CAU_RMAPC_SBC,43.450000000000003,41.680000000000000,912,1.3,26.880694439999999,121.274458300000006,3.7028646,828.8179932
25,CAU,CAU_RMAPC_ALH,43.450000000000003,41.680000000000000,912,1.3,38.263402780000000,148.642708300000010,3.7028646,828.8179932
26,CAU,CAU_RMAPC_GHM,43.450000000000003,41.680000000000000,912,1.3,30.048553240000000,300.728749999999991,3.7028646,828.8179932
27,CDR,CDR_e002_A,45.399999999999999,-93.2,751,6.3,50.802355319999997,160.245910500000008,15.4327831,897.5437012
28,CDR,CDR_e002_C,45.399999999999999,-93.2,751,6.3,73.395806289999996,270.781183300000009,15.4327831,897.5437012
29,CDR,CDR_e001_D,45.399999999999999,-93.2,751,6.3,95.308065990000003,470.895080800000017,15.4327831,897.5437012
30,CDR,CDR_e001_C,45.399999999999999,-93.2,751,6.3,65.713405660000006,493.802446400000008,15.4327831,897.5437012
31,CDR,CDR_e001_B,45.399999999999999,-93.2,751,6.3,57.473074490000002,397.154116699999975,15.4327831,897.5437012
32,CDR,CDR_e002_B,45.399999999999999,-93.2,751,6.3,55.484836029999997,191.889544199999989,15.4327831,897.5437012
33,CDR,CDR_BioCON_0,45.399999999999999,-93.2,751,6.3,15.191180559999999,436.505059099999983,15.4327831,897.5437012
34,CDR,CDR_e001_A,45.399999999999999,-93.2,751,6.3,57.173016980000000,478.018217999999990,15.4327831,897.5437012
35,CEH,CEH_MEGARICH_0,53.283333300000002,-4.566666,871,9.9,27.084652779999999,779.965100000000007,37.6945419,692.541626
36,CHY,CHY_EDGE_0,41.181770999999998,-104.897546,384,7,82.719312340000002,137.000000000000000,18.9289875,469.1299133
37,CHY,CHY_PHACE_0,41.181770999999998,-104.897546,384,7,51.490214999999999,116.898600299999998,18.9289875,469.1299133
38,CLE,CLE_Imagine_0,45.716666699999998,3.016666700000000,799,8,12.000000000000000,489.384999999999991,29.9681053,1189.038208
39,CUL,CUL_Culardoch_0,57.066666699999999,-3.3333333,1069,4.9,33.765775460000000,105.000000000000000,4.1162314,692.541626
40,DCGS,DCGS_gap_0,45.933332999999998,-88.983333,810,3.9,110.403242100000000,708.000000000000000,8.1003551,816.6661377
41,DL,DL_GCME2_0,42.033333300000002,116.283333299999995,391,1.6,59.751133029999998,205.300000000000011,15.4433374,1901.710449
42,DL,DL_NSFC_0,42.033333300000002,116.283333299999995,391,1.6,,173.836571399999997,15.4433374,1901.710449
43,DL,DL_GCME_0,42.033333300000002,116.283333299999995,391,1.6,63.963740350000002,205.300000000000011,15.4433374,1901.710449
44,DL,DL_Precip_0,42.033333300000002,116.283333299999995,391,1.6,48.723530089999997,205.300000000000011,15.4433374,1901.710449
45,EGN,EGN_Nmow_0,50.248075720000003,119.418817899999993,374,-1.7,53.381752069999997,198.500000000000000,1.9341699,648.9813232
46,Finse,Finse_WarmNut_0,60.000000000000000,7.000000000000000,1835,-1.1,104.172659199999998,95.000000000000000,3.2054586,557.8624878
47,Glen,Glen_Fert_0,56.816667000000002,-3.433333,1002,5.8,73.612984710000006,,4.2994709,692.541626
48,GVN,GVN_FACE_0,52.483333299999998,4.783333000000000,794,9.2,30.850000000000001,,40.2376938,1476.593506
49,Hayoka,Hayoka_WarmNit_0,69.659999999999997,18.780000000000001,892,2.3,10.000000000000000,376.000000000000000,26.580721,160.613739
50,HAYS,HAYS_Precip_0,38.866667000000000,-99.383333,581,11.7,60.814930560000001,331.000000000000000,14.9837971,780.62323
51,HYS,HYS_EDGE_0,39.087310000000002,-99.138703,599,11.7,113.703172300000006,246.000000000000000,9.5366306,780.62323
52,IMGERS,IMGERS_Yu_0,43.433333300000001,116.066666699999999,331,0.2,28.067569440000000,147.040416700000009,6.538836,694.2258301
53,IMGERS,IMGERS_NDE_0,43.433333300000001,116.066666699999999,331,0.2,30.715034719999998,213.946666700000009,6.538836,694.2258301
54,JRN,JRN_study 119_Playa,32.530000000000001,-106.7235,253,15,50.606793979999999,199.000000000000000,11.5964527,299.6559143
55,JRN,JRN_study 119_Peidmont,32.530000000000001,-106.7235,253,15,113.023388400000002,79.000000000000000,11.5964527,299.6559143
56,JRN,JRN_study 119_BasinSlopes,32.530000000000001,-106.7235,253,15,104.867124899999993,113.000000000000000,11.5964527,299.6559143
57,JRN,JRN_study 119_BajadaShrubland,32.530000000000001,-106.7235,253,15,86.605465019999997,104.000000000000000,11.5964527,299.6559143
58,JRN,JRN_study278_0,32.530000000000001,-106.7235,253,15,24.822418979999998,173.000000000000000,11.5964527,299.6559143
59,JSP,JSP_GCE_0,37.403933960000003,-122.2444597,624,13.7,47.918251789999999,400.000000000000000,25.6208572,354.2384033
60,KAEFS,KAEFS_WAPAClip_0,34.983300000000000,-97.51666,907,16.2,58.050494739999998,402.546875000000000,13.2843018,643.0072021
61,KBS,KBS_T7_0,42.399999999999999,-85.3666,907,8.8,116.159829299999998,438.085673600000007,18.4673939,977.4589844
62,KLU,KLU_KGFert_0,61.070277800000000,-138.3836111,375,-2.8,21.149189809999999,139.075482700000009,8.0019283,48.3042488
63,KLU,KLU_BFFert_0,61.070277800000000,-138.3836111,375,-2.8,38.254837960000003,145.000000000000000,8.0019283,48.3042488
64,KNP,KNP_GFP_0,-24.3977778,31.777777799999999,568,22.3,48.376927960000003,566.631250000000023,8.9871578,490.6393127
65,KNZ,KNZ_RPHs_0,39.083329999999997,-96.5833,875,11.9,63.613604160000001,627.267500000000041,4.9686346,933.4368896
66,KNZ,KNZ_GFP_20B,39.083329999999997,-96.5833,875,11.9,56.219258910000001,490.271428599999979,4.9686346,933.4368896
67,KNZ,KNZ_change_0,39.083329999999997,-96.5833,875,11.9,57.366317520000003,556.091666700000019,4.9686346,933.4368896
68,KNZ,KNZ_BGP_0,39.083329999999997,-96.5833,875,11.9,145.851301100000001,424.117447900000002,4.9686346,933.4368896
69,KNZ,KNZ_RaMPs_0,39.083329999999997,-96.5833,875,11.9,83.854900040000004,772.962424199999987,4.9686346,933.4368896
70,KNZ,KNZ_GFP_4F,39.083329999999997,-96.5833,875,11.9,58.085753029999999,367.500000000000000,4.9686346,933.4368896
71,KNZ,KNZ_IRG_u,39.083329999999997,-96.5833,875,11.9,66.817708510000003,490.999137399999995,4.9686346,933.4368896
72,KNZ,KNZ_IRG_l,39.083329999999997,-96.5833,875,11.9,63.549004629999999,498.270719299999996,4.9686346,933.4368896
73,KNZ,KNZ_GFP_K1B,39.083329999999997,-96.5833,875,11.9,49.606309269999997,468.585714300000006,4.9686346,933.4368896
74,KNZ,KNZ_EDGE_0,39.083329999999997,-96.5833,875,11.9,83.335041020000006,413.000000000000000,4.9686346,933.4368896
75,KNZ,KNZ_pplots_0,39.083329999999997,-96.5833,875,11.9,86.579560360000002,491.141176499999972,4.9686346,933.4368896
76,KUFS,KUFS_E2_0,39.049999999999997,-95.2,973,12.6,96.097464939999995,130.244000000000000,14.6193943,933.4368896
77,KUFS,KUFS_E6_2,39.049999999999997,-95.2,973,12.6,120.385261900000003,315.593777799999998,14.6193943,933.4368896
78,KUFS,KUFS_E6_1,39.049999999999997,-95.2,973,12.6,126.127249899999995,268.433333300000015,14.6193943,933.4368896
79,LATNJA,LATNJA_CLIP_Heath,68.359990670000002,18.495871609999998,617,-2.9,46.508344909999998,476.000000000000000,0.3430841,160.613739
80,LATNJA,LATNJA_CLIP_Meadow,68.359990670000002,18.495871609999998,617,-2.9,82.139252029999994,383.000000000000000,0.3430841,160.613739
81,LEFT,LEFT_PME_0,40.116666700000003,-105.3,421,7.6,33.495410880000001,200.006666700000011,17.3513546,469.1299133
82,LG,LG_HerbWood_0,-37.295833,143.080555599999997,655,12.9,82.596947659999998,15.000000000000000,10.5878601,238.2455902
83,maerc,maerc_fireplots_0,27.154592000000001,-81.197218,1203,22.5,34.994045139999997,860.330522100000053,2.0446289,227.4994202
84,Manitoba,Manitoba_CCD_0,50.658375999999997,-99.973263,512,0.6,46.013067130000003,282.000000000000000,23.3485737,553.489502
85,MNR,MNR_watfer_0,38.887668669999996,-122.4208206,922,12.9,60.774247520000003,25.376464649999999,11.3493299,222.7404327
86,Naiman,Naiman_Nprecip_0,43.916846820000004,120.699989299999999,384,6.6,27.621261570000001,128.514666699999992,16.2049751,1131.149902
87,NANT,NANT_wet_Broad_BRC_S,38.549999999999997,-75.73333,1109,13.3,34.137430559999999,22.935099999999998,14.0358629,845.0755005
88,NANT,NANT_wet_Nant_TNC_M,38.549999999999997,-75.73333,1109,13.3,41.025462959999999,255.525333300000000,14.0358629,845.0755005
89,NANT,NANT_wet_Nant-Mrsh_TNC_S,38.549999999999997,-75.73333,1109,13.3,72.885576950000001,83.400000000000006,14.0358629,845.0755005
90,NANT,NANT_wet_Nant-Mrsh_BSA_S,38.549999999999997,-75.73333,1109,13.3,62.597185570000001,37.333333330000002,14.0358629,845.0755005
91,NANT,NANT_wet_Broad_BRC_M,38.549999999999997,-75.73333,1109,13.3,30.787766200000000,165.933333299999987,14.0358629,845.0755005
92,NANT,NANT_wet_Marshy_BSA_M,38.549999999999997,-75.73333,1109,13.3,30.035995369999998,282.600000000000023,14.0358629,845.0755005
93,NGBER,NGBER_gb_0,43.483300000000000,-119.7166,285,6.8,18.000000000000000,325.812500000000000,11.824934,216.0787811
94,NIN,NIN_HerbDiv_0,37.530000000000001,-97.67,757,13.8,84.219520660000001,721.000000000000000,17.5354233,643.0072021
95,NWT,NWT_ATWE_0,40.049999999999997,-105.5833,725,-0.7,20.000000000000000,157.869501700000001,4.6100521,469.1299133
96,NWT,NWT_snow_0,40.049999999999997,-105.5833,725,-0.7,35.452164349999997,264.628472199999976,4.6100521,469.1299133
97,NWT,NWT_bowman_WetBowman,40.049999999999997,-105.5833,725,-0.7,53.098618829999999,264.721875000000011,4.6100521,469.1299133
98,NWT,NWT_bowman_DryBowman,40.049999999999997,-105.5833,725,-0.7,66.117968750000003,151.684374999999989,4.6100521,469.1299133
99,NWT,NWT_246Nfert_0,40.049999999999997,-105.5833,725,-0.7,57.213190590000004,125.849999999999994,4.6100521,469.1299133
100,ORNL,ORNL_FACE_0,35.899999999999999,-84.333,1363,13.9,67.639684320000001,169.031250000000000,20.1102867,745.309021
101,PIE,PIE_TIDE_0,42.750000000000000,-70.8666667,1155,9.1,8.000000000000000,1001.888888999999949,25.1941929,522.0855103
102,Rengen,Rengen_Nut_0,50.216667000000001,6.850000000000000,841,7.6,84.065972220000006,250.000000000000000,24.0824394,1476.593506
103,RIO,RIO_interaction_0,-45.6833333,-70.266666,192,9.5,9.797777778000000,57.268666670000002,30.2035313,71.6097488
104,Saskatchewan,Saskatchewan_CCD_0,49.341211999999999,-104.655322,353,3.7,40.784774310000003,132.000000000000000,15.9171257,465.4897766
105,SCL,SCL_TER_0,-35.8833,-61.0833,980,15.4,127.400687099999999,675.509999999999991,2.9886568,456.0420227
106,SCL,SCL_Lucero_0,-35.8833,-61.0833,980,15.4,93.258488670000006,903.700000000000045,2.9886568,456.0420227
107,SERC,SERC_TMECE_SP,38.874200999999999,-76.549482,1068,13.2,6.570486111000000,777.750000000000000,17.3590374,845.0755005
108,SERC,SERC_TMECE_MX,38.874200999999999,-76.549482,1068,13.2,5.125972222000000,766.440000000000055,17.3590374,845.0755005
109,SERC,SERC_TMECE_SC,38.874200999999999,-76.549482,1068,13.2,7.221203704000000,843.029999999999973,17.3590374,845.0755005
110,SERC,SERC_CXN_0,38.874200999999999,-76.549482,1068,13.2,3.000000000000000,666.393990700000018,17.3590374,845.0755005
111,SEV,SEV_EDGE_blue_gramma,34.399999999999999,-106.6666667,245,12.7,79.669199469999995,98.000000000000000,9.8904037,399.7457886
112,SEV,SEV_EDGE_black_gramma,34.399999999999999,-106.6666667,245,12.7,67.120906640000001,66.000000000000000,9.8904037,399.7457886
113,SEV,SEV_Nfert_0,34.399999999999999,-106.6666667,245,12.7,72.704142820000001,69.865544439999994,9.8904037,399.7457886
114,SEV,SEV_WENNDEx_0,34.399999999999999,-106.6666667,245,12.7,60.239826389999998,89.134833330000006,9.8904037,399.7457886
115,SFREC,SFREC_GrazePrecip_G4,39.250000000000000,-121.283,1010,15.2,27.296296300000002,323.000000000000000,13.1164494,222.7404327
116,SFREC,SFREC_GrazePrecip_G2,39.250000000000000,-121.283,1010,15.2,47.819444439999998,323.000000000000000,13.1164494,222.7404327
117,SGS,SGS_EDGE_0,40.822515000000003,-104.565975,365,8.3,66.517242039999999,94.000000000000000,10.3346319,469.1299133
118,SGS,SGS_Drought_0,40.822515000000003,-104.565975,365,8.3,47.943800150000001,90.000000000000000,10.3346319,469.1299133
119,SGS,SGS_change_0,40.822515000000003,-104.565975,365,8.3,63.401405199999999,110.325000000000003,10.3346319,469.1299133
120,SGS,SGS_Irg_0,40.822515000000003,-104.565975,365,8.3,42.760034720000000,90.000000000000000,10.3346319,469.1299133
121,SIU,SIU_TON_0,37.616667000000000,-89.15,1177,13,116.054347800000002,427.711250000000007,9.8875284,745.6395264
122,SKY,SKY_UK_0,38.166666700000000,-84.81667,1143,12.5,26.101736110000001,253.111199999999997,40.8530464,977.4589844
123,SR,SR_Nitrogen_P,34.696744000000002,-120.040803,505,15,36.870821759999998,192.710300300000000,10.7349033,354.2384033
124,SR,SR_Nitrogen_A,34.696744000000002,-120.040803,505,15,39.086446760000001,284.990039400000001,10.7349033,354.2384033
125,SR,SR_Water_A,34.696744000000002,-120.040803,505,15,36.361157409999997,306.385827300000017,10.7349033,354.2384033
126,SR,SR_Water_P,34.696744000000002,-120.040803,505,15,38.479861110000002,254.457203999999990,10.7349033,354.2384033
127,SVA,SVA_GANE_0,78.933333300000001,11.833330000000000,381,-5.4,23.513472220000001,1.500000000000000,8.015422,73.1705704
128,TAS,TAS_FACE_0,-42.7,147.266666700000002,557,12.1,73.524594910000005,285.000000000000000,35.5152588,56.7514267
129,TRA,TRA_Lovegrass_0,-27.7357,151.139999999999986,682,18.4,40.255088729999997,750.000000000000000,3.8923032,255.264267
130,VCR,VCR_NutNet_0,37.421270389999997,-75.68842303,1048,14.5,39.664826390000002,285.913333299999977,0.2667094,551.520874
131,YMN,YMN_NitAdd_0,36.250000000000000,106.409999999999997,451,6.2,48.814524409999997,196.481666700000005,10.2705278,1834.01355
132,Argentina_ElPalmar,NA,-31.87,-58.29,1338,18.3,90.000000000000000,720.000000000000000,11.9039783,533.2081909
133,Argentina_Glencoe,NA,-32.01,-57.17,1495,18.1,94.000000000000000,650.000000000000000,5.3155875,326.5032349
134,Argentina_ML,NA,-45.6,-71.44,365,6.3,35.000000000000000,,6.7194166,71.6097488
135,Argentina_Quebrada,NA,-32.91,-54.45,1341,16.6,92.000000000000000,585.000000000000000,9.9924603,326.5032349
136,Argentina_Relincho,NA,-34.34,-56.98,1155,16.9,91.000000000000000,655.000000000000000,6.3698397,326.5032349
137,Argentina_RMcI84,NA,-45.38,-70.25,199,9.2,31.000000000000000,,7.2591062,71.6097488
138,Argentina_S1,NA,-41.11,-70.91,472,7,25.000000000000000,,18.1813545,114.403801
139,Argentina_S10,NA,-41.08,-71.03,530,7.9,15.000000000000000,,11.2705526,114.403801
140,Argentina_S11,NA,-41.08,-71.02,530,7.9,18.000000000000000,,4.3819437,114.403801
141,Argentina_S12,NA,-41.11,-70.63,297,7.7,9.000000000000000,,4.1701899,114.403801
142,Argentina_S13,NA,-41.11,-70.62,297,7.4,11.000000000000000,,3.9309921,114.403801
143,Argentina_S14,NA,-41.12,-70.6,297,7.4,11.000000000000000,,3.8126574,114.403801
144,Argentina_S15,NA,-41.12,-70.59,297,7.4,17.000000000000000,,11.7591143,114.403801
145,Argentina_S16,NA,-41.13,-70.58,297,7.5,14.000000000000000,,3.7921331,114.403801
146,Argentina_S17,NA,-41.14,-70.58,297,7.5,16.000000000000000,,11.7196608,114.403801
147,Argentina_S18,NA,-45.41,-70.3,199,9,18.000000000000000,,7.6166925,71.6097488
148,Argentina_S19,NA,-45.39,-70.25,199,9.2,19.000000000000000,,4.855525,71.6097488
149,Argentina_S2,NA,-41.13,-70.89,472,7.4,20.000000000000000,,14.3848047,114.403801
150,Argentina_S20,NA,-45.38,-70.25,199,9.2,15.000000000000000,,7.2591062,71.6097488
151,Argentina_S21,NA,-45.61,-71.42,365,6.3,25.000000000000000,,4.3870149,71.6097488
152,Argentina_S22,NA,-45.58,-71.4,365,6.7,21.000000000000000,,10.8925486,71.6097488
153,Argentina_S3,NA,-41.13,-70.9,472,7.4,18.000000000000000,,14.3848047,114.403801
154,Argentina_S4,NA,-41.11,-71.08,530,7.7,18.000000000000000,,19.2529602,114.403801
155,Argentina_S5,NA,-41.11,-71.08,530,7.7,22.000000000000000,,19.2529602,114.403801
156,Argentina_S6,NA,-41.11,-71.09,530,7.9,17.000000000000000,,5.5349588,114.403801
157,Argentina_S7,NA,-41.11,-71.07,530,7.7,20.000000000000000,,10.7519131,114.403801
158,Argentina_S8,NA,-41.1,-71.04,530,8,13.000000000000000,,9.0280418,114.403801
159,Argentina_S9,NA,-41.1,-71.05,530,7.7,17.000000000000000,,16.8963718,114.403801
160,Argentina_Sierra,NA,-38.05,-61.98,800,12.6,61.000000000000000,500.000000000000000,16.6507816,186.8372498
161,Argentina_SUL,NA,-33.88,-55.56,1341,16.7,59.000000000000000,707.000000000000000,12.8020821,326.5032349
162,AUS_Ag_Biod,NA,-34.09,142.500000000000000,246,17,58.000000000000000,,13.489337,132.2594299
163,AUS_Arumpo,NA,-33.94,143.039999999999992,245,17.3,30.000000000000000,,11.4557295,218.6474762
164,AUS_Berry,NA,-32.88,148.069999999999993,605,17.4,79.000000000000000,,14.1273899,291.1624756
165,AUS_Birregurra,NA,-38.27,146.689999999999998,730,12.7,23.000000000000000,712.000000000000000,10.154952,238.2455902
166,AUS_Buronga,NA,-34.16,142.199999999999989,260,17.1,35.000000000000000,,20.2203617,132.2594299
167,AUS_Craigieburn,NA,-37.58,144.930000000000007,665,13.8,29.000000000000000,349.600000000000023,39.3701744,238.2455902
168,AUS_CYP,NA,-34.97,146.479999999999990,432,16.3,54.000000000000000,72.500000000000000,10.2938433,218.6474762
169,AUS_Darlington,NA,-37.88,143.020000000000010,620,13.2,29.000000000000000,500.000000000000000,10.3143568,238.2455902
170,AUS_FowlersGap,NA,-31.07,141.719999999999999,223,18.8,53.000000000000000,,4.5700755,101.3603973
171,AUS_Grampians,NA,-37.05,142.370000000000005,629,13.6,35.000000000000000,43.600000000000001,2.8614979,110.819603
172,AUS_Hamilton,NA,-37.84,142.080000000000013,686,13,22.000000000000000,242.000000000000000,17.0199051,110.819603
173,AUS_Hattah,NA,-34.7,142.300000000000011,293,16.7,26.000000000000000,171.199999999999989,2.976954,132.2594299
174,AUS_Inverleigh,NA,-38.08,144.050000000000011,523,13.8,18.000000000000000,305.800000000000011,11.2627525,238.2455902
175,AUS_Kimberley,NA,-32.5,145.610000000000014,245,17.7,78.000000000000000,,4.2079496,218.6474762
176,AUS_Kinypanial,NA,-36.32,143.800000000000011,409,15.3,34.000000000000000,207.699999999999989,15.3402567,218.6474762
177,AUS_Liawenee_cattle,NA,-42,146.669999999999987,1050,6.1,81.000000000000000,,5.0929089,238.2455902
178,AUS_Liawenee_natives,NA,-42,146.669999999999987,1050,6.1,78.000000000000000,,5.0929089,238.2455902
179,AUS_Mallee,NA,-34.17,142.460000000000008,240,17,15.000000000000000,72.500000000000000,6.0680771,132.2594299
180,AUS_Murray,NA,-34.27,141.819999999999993,272,17,12.000000000000000,172.300000000000011,11.7611151,132.2594299
181,AUS_OBriens,NA,-36.22,144.419999999999987,381,15.4,26.000000000000000,406.600000000000023,15.0967417,218.6474762
182,AUS_Paradise,NA,-34.79,144.780000000000001,400,16.9,24.000000000000000,,18.71978,218.6474762
183,AUS_Pinegrove,NA,-36.22,144.419999999999987,381,15.4,22.000000000000000,161.900000000000006,15.0967417,218.6474762
184,AUS_Savernake,NA,-35.79,145.949999999999989,475,15.8,67.000000000000000,,15.8316002,218.6474762
185,AUS_Wapweelah,NA,-29.26,145.460000000000008,312,20.3,31.000000000000000,,4.565588,133.5111542
186,AUS_Warrambeen,NA,-37.92,143.870000000000005,587,13.3,30.000000000000000,943.899999999999977,14.1920137,238.2455902
187,AUS_Werrai,NA,-35.35,144.580000000000013,375,16.4,21.000000000000000,54.399999999999999,4.1388521,218.6474762
188,AUS_WilsonsPromontory,NA,-38.88,146.229999999999990,960,13.6,23.000000000000000,940.799999999999955,5.2133589,238.2455902
189,AUS_Yathong_large,NA,-32.56,145.569999999999993,340,17.7,34.000000000000000,,8.0139294,218.6474762
190,AUS_Yathong_small,NA,-32.52,145.590000000000003,340,17.7,77.000000000000000,,15.0454121,218.6474762
191,Buckhorn,NA,38.850000000000001,-109.16,272,10.9,29.000000000000000,,11.6067238,297.7605896
192,California_RanchoMarino,NA,35.539999999999999,-121.09,733,NA,42.000000000000000,422.000000000000000,17.374882,354.2384033
193,California_Sedgwick,NA,34.680000000000000,-120.03,565,15,37.000000000000000,287.000000000000000,10.0637932,354.2384033
194,California_Sedgwick_Airstrip,NA,34.689999999999998,-120.04,401,15,30.000000000000000,271.000000000000000,10.7643118,354.2384033
195,California_Sedgwick_Lisque,NA,34.689999999999998,-120.04,401,15,56.000000000000000,271.000000000000000,10.7643118,354.2384033
196,California_Sedgwick_Mesa,NA,34.689999999999998,-120.04,401,15,54.000000000000000,271.000000000000000,10.7643118,354.2384033
197,Canada_Currie,NA,50.729999999999997,-120.52,304,8.3,12.000000000000000,155.400000000000006,30.0856647,247.0965118
198,Canada_Dewdrop.1,NA,50.759999999999998,-120.65,353,6.1,9.000000000000000,83.599999999999994,13.7761745,247.0965118
199,Canada_Dewdrop.2,NA,50.750000000000000,-120.63,320,8.5,13.000000000000000,163.599999999999994,22.0355816,247.0965118
200,Canada_Drum,NA,50.090000000000003,-120.67,434,5.3,13.000000000000000,99.000000000000000,7.1306758,247.0965118
201,Canada_fht1,NA,50.740000000000002,-120.44,448,7.5,18.000000000000000,247.400000000000006,19.7053757,247.0965118
202,Canada_FLHT.2,NA,50.740000000000002,-120.36,441,8.4,14.000000000000000,187.900000000000006,42.4878044,247.0965118
203,Canada_Frolek,NA,50.820000000000000,-120.44,388,5.1,18.000000000000000,293.500000000000000,10.0842619,247.0965118
204,Canada_Goose.Lake,NA,50.100000000000001,-120.43,329,4.1,24.000000000000000,283.800000000000011,3.0611486,247.0965118
205,Canada_gooselake2,NA,50.109999999999999,-120.42,334,4.1,18.000000000000000,251.500000000000000,1.7562101,247.0965118
206,Canada_hav,NA,50.090000000000003,-120.45,327,4.1,20.000000000000000,202.199999999999989,4.2759881,247.0965118
207,Canada_hbb,NA,50.079999999999998,-120.45,327,3.9,14.000000000000000,247.699999999999989,8.0539799,247.0965118
208,Canada_hkb,NA,50.079999999999998,-120.47,328,4.4,11.000000000000000,275.800000000000011,4.046824,247.0965118
209,Canada_hsr,NA,50.070000000000000,-120.45,375,3.9,20.000000000000000,210.900000000000006,4.0494571,247.0965118
210,Canada_LG1.LDB,NA,50.729999999999997,-120.44,376,7.5,9.000000000000000,114.599999999999994,21.1768284,247.0965118
211,Canada_LG3.LDB,NA,50.729999999999997,-120.44,384,7.5,13.000000000000000,153.400000000000006,21.1768284,247.0965118
212,Canada_LG4.LDB,NA,50.740000000000002,-120.43,364,7.5,17.000000000000000,147.300000000000011,19.690134,247.0965118
213,Canada_LG5.LDB,NA,50.740000000000002,-120.43,362,7.5,12.000000000000000,218.800000000000011,19.690134,247.0965118
214,Canada_LGS.1,NA,50.729999999999997,-120.43,391,7.5,16.000000000000000,87.799999999999997,21.3044605,247.0965118
215,Canada_LGS.2,NA,50.740000000000002,-120.43,412,7.5,10.000000000000000,162.599999999999994,19.690134,247.0965118
216,Canada_LGS.3,NA,50.740000000000002,-120.43,469,7.5,20.000000000000000,176.099999999999994,19.690134,247.0965118
217,Canada_LGS.4,NA,50.729999999999997,-120.44,365,7.5,12.000000000000000,126.799999999999997,21.1768284,247.0965118
218,Canada_LGS.5,NA,50.729999999999997,-120.44,383,7.5,12.000000000000000,173.000000000000000,21.1768284,247.0965118
219,Canada_LGS.6,NA,50.740000000000002,-120.44,304,7.5,16.000000000000000,186.699999999999989,19.7053757,247.0965118
220,Canada_llrs,NA,50.780000000000001,-120.41,353,6.1,16.000000000000000,312.300000000000011,16.9954052,247.0965118
221,Canada_lls1,NA,50.799999999999997,-120.41,320,5.6,16.000000000000000,198.000000000000000,13.8999758,247.0965118
222,Canada_llw,NA,50.789999999999999,-120.41,434,6.1,13.000000000000000,205.500000000000000,18.2975445,247.0965118
223,Canada_Long.lake.4,NA,50.789999999999999,-120.4,448,6.1,15.000000000000000,198.400000000000006,18.2975445,247.0965118
224,Canada_Long.lake.5,NA,50.789999999999999,-120.4,441,6.1,17.000000000000000,208.400000000000006,18.2975445,247.0965118
225,Canada_Long.lake.6,NA,50.789999999999999,-120.4,388,6.1,22.000000000000000,230.300000000000011,18.2975445,247.0965118
226,Canada_Lundbom.Lake,NA,50.090000000000003,-120.63,329,4,9.000000000000000,191.000000000000000,8.106575,247.0965118
227,Canada_Mara.1,NA,50.740000000000002,-120.5,334,7.4,16.000000000000000,157.900000000000006,17.6706429,247.0965118
228,Canada_MG1.LDB,NA,50.759999999999998,-120.44,327,5.9,16.000000000000000,231.400000000000006,14.8388863,247.0965118
229,Canada_MG2.LDB,NA,50.759999999999998,-120.44,327,5.9,20.000000000000000,215.199999999999989,14.8388863,247.0965118
230,Canada_MG3.LDB,NA,50.740000000000002,-120.44,328,7.5,21.000000000000000,249.599999999999994,19.7053757,247.0965118
231,Canada_MGBR.1,NA,50.759999999999998,-120.44,375,5.9,20.000000000000000,288.199999999999989,14.8388863,247.0965118
232,Canada_MGBR.2,NA,50.770000000000003,-120.43,376,5.9,21.000000000000000,271.399999999999977,16.8958035,247.0965118
233,Canada_Powerline,NA,50.130000000000003,-120.44,373,4.8,15.000000000000000,219.099999999999994,4.1278529,247.0965118
234,Canada_Redhil,NA,50.750000000000000,-120.42,384,7.5,16.000000000000000,314.100000000000023,20.0055199,247.0965118
235,Canada_Repeter,NA,50.070000000000000,-120.43,364,3.9,12.000000000000000,318.699999999999989,4.0792537,247.0965118
236,Canada_Summit.North,NA,50.060000000000002,-120.43,362,3.9,17.000000000000000,340.399999999999977,4.077343,247.0965118
237,Canada_Summit.South,NA,50.060000000000002,-120.43,391,3.9,14.000000000000000,417.600000000000023,4.077343,247.0965118
238,Canada_TMV,NA,50.799999999999997,-120.39,412,5.6,17.000000000000000,220.599999999999994,15.0880041,247.0965118
239,CanaryIsland_Anaga,NA,28.539999999999999,-16.19,480,19.4,114.000000000000000,256.000000000000000,18.4942665,84.6135635
240,CanaryIsland_Teno,NA,28.250000000000000,-16.75,450,12.7,136.000000000000000,,10.8029728,84.6135635
241,CanaryIsland_Valle,NA,28.079999999999998,-17.33,313,18.6,92.000000000000000,174.000000000000000,22.017805,84.6135635
242,CedarCreek,NA,45.079999999999998,-93.17,825,7.1,84.000000000000000,222.000000000000000,43.3671799,897.5437012
243,China_LC,NA,43.549999999999997,116.670000000000002,334,1.2,30.000000000000000,150.000000000000000,12.1735945,694.2258301
244,China_SG,NA,43.539999999999999,116.560000000000002,334,1.3,28.000000000000000,150.000000000000000,5.5158081,694.2258301
245,China_Yunwu,NA,36.270000000000003,106.430000000000007,425,6.8,71.000000000000000,336.000000000000000,12.5316248,1834.01355
246,Cisco Mesa,NA,39.049999999999997,-109.37,223,11.1,21.000000000000000,,2.455893,297.7605896
247,Cisco Wash 1,NA,39.009999999999998,-109.42,215,11.4,16.000000000000000,,9.5729294,297.7605896
248,Cisco Wash 2,NA,39.009999999999998,-109.41,215,11.5,24.000000000000000,,9.5729294,297.7605896
249,CPER,NA,40.829999999999998,-104.72,340,8.4,78.000000000000000,70.000000000000000,10.1608639,469.1299133
250,DesertHigh,NA,41.420000000000002,-111.42,635,2.4,33.000000000000000,203.000000000000000,5.8580976,297.7605896
251,DesertLow,NA,41.359999999999999,-111.42,305,2,18.000000000000000,125.000000000000000,9.6411562,297.7605896
252,DesertSage,NA,41.180000000000000,-111.08,305,3.9,27.000000000000000,47.000000000000000,11.6056824,297.7605896
253,Dry Valley,NA,38.149999999999999,-109.4,293,9.5,18.000000000000000,,7.4891419,297.7605896
254,Ethiopia,NA,4.780000000000000,38.369999999999997,500,19.3,31.000000000000000,,8.5763893,203.4675751
255,FortKeogh,NA,46.390000000000001,-105.87,339,7.7,48.000000000000000,124.000000000000000,29.5718994,423.0978088
256,France_Heath,NA,45.079999999999998,6.050000000000000,940,5.7,80.000000000000000,320.000000000000000,27.5955372,1189.038208
257,France_Mesic,NA,44.869999999999997,5.470000000000000,1380,4.6,75.000000000000000,220.000000000000000,9.305891,1189.038208
258,France_Xeric,NA,44.869999999999997,5.470000000000000,1380,4.6,64.000000000000000,130.000000000000000,9.305891,1189.038208
259,Germany1,NA,49.880000000000003,8.660000000000000,629,9.7,105.000000000000000,,46.2768173,1475.484863
260,Germany2,NA,49.880000000000003,8.660000000000000,629,9.7,55.000000000000000,,46.2768173,1475.484863
261,Harts Draw,NA,38.020000000000003,-109.49,372,8.7,18.000000000000000,,6.8621707,297.7605896
262,Harts Point,NA,37.960000000000001,-109.5,338,8.6,15.000000000000000,,9.7071238,274.468689
263,Horse Pature,NA,39.070000000000000,-109.56,270,10.4,23.000000000000000,,9.6694765,297.7605896
264,Hotel Mesa,NA,38.840000000000003,-109.24,237,11.6,32.000000000000000,,11.9193525,297.7605896
265,House Park,NA,38.000000000000000,-109.86,327,9.1,35.000000000000000,,11.0291729,297.7605896
266,India_Kibber,NA,32.340000000000003,78.019999999999996,400,0.1,34.000000000000000,55.000000000000000,10.8216419,1539.635986
267,India_Nutnet,NA,32.320000000000000,78.010000000000005,507,0.6,15.000000000000000,55.000000000000000,10.9348993,1539.635986
268,Jornada,NA,32.619999999999997,-106.74,280,14.8,43.000000000000000,,9.2236776,299.6559143
269,Junner Koeland,NA,52.530000000000001,6.480000000000000,758,9,42.000000000000000,463.000000000000000,17.4206867,1476.593506
270,Kate Hollow,NA,41.329999999999998,-111.17,310,3.9,23.000000000000000,,11.6445808,297.7605896
271,Kenya_Central,NA,0.4,36.909999999999997,578,18.5,32.000000000000000,1204.000000000000000,7.1110935,450.1618652
272,Kenya_North,NA,0.48,36.869999999999997,493,18.6,33.000000000000000,512.000000000000000,6.7929726,450.1618652
273,Kenya_South,NA,0.28,36.890000000000001,625,17.8,35.000000000000000,722.000000000000000,4.9538312,450.1618652
274,KLEE_cattle,NA,0.3,36.810000000000002,613,17.6,29.000000000000000,,11.4797039,450.1618652
275,KLEE_wildlife,NA,0.3,36.810000000000002,613,17.6,36.000000000000000,,11.4797039,450.1618652
276,Konza,NA,39.090000000000003,-96.58,835,12,95.000000000000000,525.000000000000000,9.0037947,933.4368896
277,KonzaPrairie,NA,39.090000000000003,-96.58,835,12,56.000000000000000,302.000000000000000,9.0037947,933.4368896
278,KRNP_Lammertjiesleegte,NA,-32.33,22.550000000000001,282,17.8,64.000000000000000,,17.8971519,123.4443512
279,KRNP_Sandrivier,NA,-32.3,22.300000000000001,196,17.6,54.000000000000000,,11.4559832,75.0009003
280,Kruger_Buff,NA,-24.4,31.780000000000001,547,22.3,46.000000000000000,487.000000000000000,9.3291922,490.6393127
281,Kruger_Letaba,NA,-23.76,31.430000000000000,400,22.8,75.000000000000000,118.400000000000006,9.5512533,490.6393127
282,Kruger_Marheya,NA,-24.54,31.780000000000001,557,22,32.000000000000000,560.000000000000000,5.0569806,490.6393127
283,Kruger_Nkuhlu,NA,-24.98,31.770000000000000,560,21.9,179.000000000000000,371.699999999999989,11.3051214,490.6393127
284,Kruger_Nwan,NA,-24.45,31.890000000000001,463,22.5,36.000000000000000,500.000000000000000,8.3720074,490.6393127
285,Kruger_Satara,NA,-24.4,31.739999999999998,559,22.2,24.000000000000000,609.000000000000000,9.3693504,490.6393127
286,Lapland_Jehkas,NA,69.079999999999998,20.780000000000001,489,-2.1,32.000000000000000,185.000000000000000,14.2485476,160.613739
287,Lapland_Saana,NA,69.049999999999997,20.829999999999998,489,-3.2,33.000000000000000,185.000000000000000,10.4031982,160.613739
288,LasChilcas,NA,-36.5,-58.5,953,14.8,54.000000000000000,530.000000000000000,17.273922,456.0420227
289,Lost Park,NA,41.359999999999999,-111.13,409,4,15.000000000000000,,11.6459026,297.7605896
290,MAERC,NA,27.129999999999999,-81.2,1364,22.5,25.000000000000000,1104.900000000000091,8.5944395,227.4994202
291,Mali_Korokodjo,NA,15.320000000000000,-9.51,427,28.5,48.000000000000000,242.900000000000006,24.3381443,186.4070435
292,Mali_Lakamane,NA,14.590000000000000,-9.94,577,27.9,54.000000000000000,228.400000000000006,10.6825504,186.4070435
293,Mali_Neguela,NA,12.880000000000001,-8.48,868,27.1,56.000000000000000,420.699999999999989,20.542963,455.2952576
294,Mali_Tiendaga,NA,11.010000000000000,-6.81,1132,27.1,72.000000000000000,573.200000000000045,7.47611,373.7295227
295,Mali_Tiorola,NA,11.609999999999999,-7.1,1043,27.2,61.000000000000000,718.200000000000045,10.7280502,373.7295227
296,Mananga_High,NA,-24.39,31.730000000000000,NA,22.2,44.000000000000000,311.399999999999977,9.755806,490.6393127
297,Mananga_Low,NA,-24.38,31.870000000000001,NA,22.5,31.000000000000000,92.900000000000006,8.0856352,490.6393127
298,Mexico_LaColorada,NA,22.030000000000001,-102.25,450,17.7,34.000000000000000,114.000000000000000,38.1340141,818.2783203
299,Mexico_LaMesa,NA,22.030000000000001,-102.25,450,17.7,13.000000000000000,100.000000000000000,38.1340141,818.2783203
300,Mexico_LaPresa,NA,22.030000000000001,-102.25,450,17.7,37.000000000000000,132.000000000000000,38.1340141,818.2783203
301,Mexico_Vaquerias,NA,22.030000000000001,-102.25,450,17.7,31.000000000000000,88.000000000000000,38.1340141,818.2783203
302,MNK_16mileTank,NA,35.310000000000002,-115.45,184,17.2,7.000000000000000,,10.8472881,268.9372253
303,MNP_14mileTank,NA,35.359999999999999,-115.36,164,18.1,13.000000000000000,,10.7336235,268.9372253
304,MNP_30,NA,35.170000000000002,-115.46,203,16.4,21.000000000000000,,10.7366209,268.9372253
305,MNP_TenmileTank,NA,35.310000000000002,-115.4,181,17.5,14.000000000000000,,10.8991194,268.9372253
306,Molesworth_CC,NA,-42.19,172.879999999999995,720,6.1,28.000000000000000,,4.5923381,59.5954247
307,Molesworth_HG,NA,-42.11,172.909999999999997,750,6.1,48.000000000000000,,11.1340599,59.5954247
308,Molesworth_PT,NA,-42.31,173.039999999999992,780,7.7,21.000000000000000,,8.0054655,59.5954247
309,Molesworth_SD,NA,-42.15,172.930000000000007,750,7.2,25.000000000000000,,7.3781471,59.5954247
310,Molesworth_ST,NA,-42.19,172.780000000000001,680,5.7,66.000000000000000,,11.3908215,59.5954247
311,Molesworth_SW,NA,-42.14,172.919999999999987,680,7.2,17.000000000000000,,7.38942,59.5954247
312,Mongolia_BGgrassland,NA,43.899999999999999,103.500000000000000,116,3,23.000000000000000,,1.4583684,195.3711548
313,Mongolia_Mgairport,NA,45.750000000000000,106.269999999999996,130,1.9,18.000000000000000,,21.9216709,195.3711548
314,Mongolia_Mgshrubland,NA,45.780000000000001,106.180000000000007,121,1.4,28.000000000000000,,10.0005922,195.3711548
315,Mpala,NA,0.29,36.899999999999999,514,17.8,45.000000000000000,,7.7799306,450.1618652
316,N_Clan,NA,39.820000000000000,-117.68,229,9.8,22.000000000000000,,11.8571377,222.7404327
317,N_Pryor,NA,45.060000000000002,-108.26,352,6.2,66.000000000000000,,12.5729866,339.6396484
318,N_Spring,NA,37.960000000000001,-108.6,413,7.7,46.000000000000000,,11.0746746,274.468689
319,N_Sulphur,NA,38.609999999999999,-113.88,332,8.2,20.000000000000000,,3.6473281,225.948288
320,N_Theodore,NA,46.960000000000001,-103.35,389,6,111.000000000000000,,12.1827335,423.0978088
321,Neponset,NA,37.969999999999999,-109.61,286,9.5,26.000000000000000,,10.253376,274.468689
322,North Cottonwood,NA,38.170000000000002,-109.72,332,11.8,25.000000000000000,,11.4692717,297.7605896
323,NS_East Light BIO,NA,43.960000000000001,-59.83,1511,NA,19.000000000000000,,0.681485,251.2418518
324,NS_Main Station Dry Heath,NA,43.930000000000000,-60.01,1511,7.3,26.000000000000000,,8.1000404,251.2418518
325,NS_Main Station Grassland,NA,43.930000000000000,-60.01,1511,7.3,19.000000000000000,,8.1000404,251.2418518
326,NS_Main Station Mesic Heath,NA,43.930000000000000,-60.01,1511,7.3,26.000000000000000,,8.1000404,251.2418518
327,NS_West Light,NA,43.930000000000000,-60.02,1511,7.3,19.000000000000000,,8.1000404,251.2418518
328,NS_Wind Turbine (a),NA,43.930000000000000,-60,1511,7.3,21.000000000000000,,8.1244965,251.2418518
329,NS_Wind Turbine (b),NA,43.930000000000000,-60,1511,7.3,25.000000000000000,,8.1244965,251.2418518
330,Park Pasture,NA,37.950000000000003,-109.71,213,8.4,27.000000000000000,,10.4919691,274.468689
331,Pniel,NA,-28.58,24.430000000000000,360,18.3,8.000000000000000,,8.702219,318.9831238
332,Salt Creek Mesa,NA,38.920000000000002,-109.2,320,11.4,23.000000000000000,,12.4220505,297.7605896
333,Sand Flat,NA,37.960000000000001,-109.89,225,9.5,28.000000000000000,,10.9604969,274.468689
334,Satara North_High,NA,-24.39,31.850000000000001,NA,22.5,21.000000000000000,769.100000000000023,8.1110497,490.6393127
335,Satara North_Low,NA,-24.39,31.730000000000000,NA,22.2,26.000000000000000,504.100000000000023,9.755806,490.6393127
336,Satara South_High,NA,-24.54,31.850000000000001,NA,22.2,21.000000000000000,790.299999999999955,6.0030842,490.6393127
337,Satara South_Low,NA,-24.4,31.730000000000000,NA,22.2,26.000000000000000,552.899999999999977,9.7600594,490.6393127
338,Schiermonnikoog,NA,53.479999999999997,6.220000000000000,800,8.7,22.000000000000000,,7.755631,977.6321411
339,Serengeti_Nutnet,NA,-2.25,34.509999999999998,789,22.1,23.000000000000000,166.000000000000000,8.6424208,265.1708069
340,SGS,NA,40.820000000000000,-104.77,322,8.4,48.000000000000000,91.000000000000000,10.1270828,469.1299133
341,Shibotawna_High,NA,-24.4,31.739999999999998,NA,22.2,31.000000000000000,516.899999999999977,9.3693504,490.6393127
342,Shibotawna_Low,NA,-24.38,31.870000000000001,NA,22.5,16.000000000000000,135.000000000000000,8.0856352,490.6393127
343,Spain_ChapineriaHP,NA,40.380000000000003,-4.2,433,13.8,56.000000000000000,837.000000000000000,36.6284637,454.5309143
344,Spain_ChapineriaLP,NA,40.380000000000003,-4.2,433,13.8,42.000000000000000,230.000000000000000,36.6284637,454.5309143
345,Stanley Park,NA,38.780000000000001,-109.08,322,10.7,24.000000000000000,,11.467659,297.7605896
346,Steamboat Mesa,NA,37.590000000000003,-109.76,345,9.5,20.000000000000000,,9.5398121,274.468689
347,SwissNP_Short,NA,46.670000000000002,10.250000000000000,850,-1.3,113.000000000000000,401.000000000000000,6.5337582,1479.478516
348,SwissNP_Tall,NA,46.670000000000002,10.250000000000000,850,-1.3,117.000000000000000,500.000000000000000,6.5337582,1479.478516
349,Texas Flat,NA,41.329999999999998,-111.24,338,4,25.000000000000000,,11.6434536,297.7605896
350,The Dip,NA,37.649999999999999,-109.99,390,9.4,25.000000000000000,,9.7852106,274.468689
351,Tibet_Site1_Amdo_Bangai,NA,32.270000000000003,91.920000000000002,484,-2.6,29.000000000000000,,4.8624563,1066.313721
352,Tibet_Site10_Gegyai_Xiongbar,NA,32.079999999999998,81.829999999999998,120,-1,8.000000000000000,,5.3244863,1539.635986
353,Tibet_Site11_Amdo_Guozur,NA,31.719999999999999,91.810000000000002,494,-2.2,23.000000000000000,,14.0311146,1066.313721
354,Tibet_Site12_Amdo_Marluo,NA,32.299999999999997,91.909999999999997,484,-3.2,33.000000000000000,,7.1574588,1066.313721
355,Tibet_Site13_Nagqu_Nagqu,NA,31.680000000000000,92.030000000000001,508,-1.8,21.000000000000000,,13.5884304,1066.313721
356,Tibet_Site14_Nagqu_Namarqie,NA,31.590000000000000,91.489999999999995,475,-1.3,11.000000000000000,,13.8722878,1066.313721
357,Tibet_Site15_Bangoin_Beilar,NA,31.420000000000002,91.019999999999996,450,-0.9,27.000000000000000,,14.1426249,1066.313721
358,Tibet_Site16_Bangoin_Pubao2,NA,31.410000000000000,90.250000000000000,400,-1.4,16.000000000000000,,6.5117497,1066.313721
359,Tibet_Site17_Shuanghu_Shuanghu,NA,33.210000000000001,88.799999999999997,292,-4.4,9.000000000000000,,4.4517207,151.9635468
360,Tibet_Site18_Nyima_Erjiu2,NA,32.340000000000003,86.650000000000006,245,-0.8,5.000000000000000,,8.1212721,964.0997925
361,Tibet_Site19_Nyima_Zhongcang2,NA,32.009999999999998,85.409999999999997,220,-2.2,11.000000000000000,,10.0483131,964.0997925
362,Tibet_Site2_Amdo_Cuomar,NA,32.299999999999997,91.480000000000004,468,-4.3,29.000000000000000,,7.6574736,1066.313721
363,Tibet_Site20_Gerze_DongcuoTemple,NA,31.980000000000000,85.079999999999998,212,-0.7,14.000000000000000,,8.462739,964.0997925
364,Tibet_Site21_Gerze_Dongcuo,NA,32.250000000000000,84.370000000000005,180,-0.8,8.000000000000000,,8.9168644,964.0997925
365,Tibet_Site22_Gerze_Gerze,NA,32.289999999999999,84.049999999999997,170,-0.4,9.000000000000000,,8.2339859,964.0997925
366,Tibet_Site23_Gegyai_Wenbudangsang,NA,32.079999999999998,82.909999999999997,150,-3.9,7.000000000000000,,1.0273652,964.0997925
367,Tibet_Site24_Gegyai_Xiongbar2,NA,32.079999999999998,81.819999999999993,120,-1,8.000000000000000,,9.2342949,1539.635986
368,Tibet_Site25_Rutog_Rusong,NA,33.270000000000003,79.709999999999994,45,-2.4,3.000000000000000,,8.5102396,156.5907745
369,Tibet_Site3_Bangoin_Pengcuo_South,NA,31.420000000000002,91.019999999999996,448,-0.9,19.000000000000000,,14.1426249,1066.313721
370,Tibet_Site4_Bangoin_Pubao,NA,31.390000000000001,90.310000000000002,405,-1.3,22.000000000000000,,11.4464636,1066.313721
371,Tibet_Site5_Bangoin_Marqian,NA,31.829999999999998,89.930000000000007,376,-1.4,16.000000000000000,,9.2681494,1066.313721
372,Tibet_Site6_Shuanghu_Beicuo,NA,33.240000000000002,87.709999999999994,250,-3.9,9.000000000000000,,8.6481171,151.9635468
373,Tibet_Site7_Nyima_Erjiu,NA,31.940000000000001,86.890000000000001,258,-0.2,6.000000000000000,,9.085247,964.0997925
374,Tibet_Site8_Nyima_Arsuo,NA,31.940000000000001,86.620000000000005,258,-0.9,8.000000000000000,,8.1405878,964.0997925
375,Tibet_Site9_Nyima_Zhongcang,NA,31.969999999999999,85.120000000000005,225,-0.5,9.000000000000000,,8.3983612,964.0997925
376,Tierber_Karoo_Research_Centre,NA,-33.22,22.350000000000001,176,14.7,16.000000000000000,,4.303051,75.0009003
377,VictoriaRiverResearchStation,NA,-16.07,130.949999999999989,780,27.5,20.000000000000000,108.000000000000000,4.0004387,233.3781281
378,Washington_LTMurray,NA,48.000000000000000,-120.83,569,4.7,29.000000000000000,22.000000000000000,4.0632463,247.0965118
379,Washington_OakCreek,NA,46.719999999999999,-120.82,526,7.7,45.000000000000000,199.500000000000000,12.9336214,216.0787811
380,Washington_Sinlahekin,NA,48.719999999999999,-120.65,737,0.6,64.000000000000000,97.000000000000000,4.5959225,247.0965118
381,Washington_Wenas,NA,46.820000000000000,-120.65,526,7.5,27.000000000000000,13.000000000000000,11.9079132,216.0787811
382,Westwater,NA,39.189999999999998,-109.2,242,10.8,20.000000000000000,,18.9512463,297.7605896
383,Wild Cow Point,NA,37.920000000000002,-109.95,349,9.3,25.000000000000000,,10.3598557,274.468689
384,abisko.se,NA,68.319867000000002,18.740062000000002,390,-0.804166615,19.000000000000000,113.109999999999999,1.0581317,160.613739
385,ahth.is,NA,65.133349999999993,-19.67206,615,0.833333294,58.000000000000000,158.726325000000003,8.0469894,94.7657242
386,ains_dn.uk,NA,53.590000000000003,-3.07,807,9.816666683,38.000000000000000,370.625000000000000,28.4049702,692.541626
387,aish.ca,NA,61.565300000000001,-137.28284,246,-3.466666593,32.000000000000000,112.155000000000001,12,59.1627655
388,amcamp.us,NA,48.465040639999998,-123.0143109,580,10.00000001,26.000000000000000,441.007073300000002,18.521286,224.0832367
389,amlr.is,NA,65.133349999999993,-19.67206,615,0.833333294,37.000000000000000,12.113075000000000,8.0469894,94.7657242
390,anti.ec,NA,-0.467083333,-78.162,846,2.425000002,64.000000000000000,1282.812500000000000,3.941396,574.4157715
391,arch.us,NA,27.170339999999999,-81.21828,1205,22.73333335,82.000000000000000,388.998333300000013,2.1501467,227.4994202
392,arde.ir,NA,38.854855069999999,47.780735040000003,449,10.06666666,237.000000000000000,92.003668840000003,12.0367622,400.3489685
393,azi.cn,NA,33.670000000000002,101.870000000000005,711,1.362500006,88.000000000000000,361.169166700000005,13.8380547,1045.707642
394,azitwo.cn,NA,33.579999999999998,101.530000000000001,733,-1.12083332,109.000000000000000,325.485687999999982,9.0963058,1045.707642
395,badlau.de,NA,51.392138000000003,11.877969000000000,523,9.329166727,72.000000000000000,384.885083300000019,37.8599472,1475.484863
396,bari.ar,NA,-41.00644,-71.15323,787,8.787500066,40.000000000000000,207.365833299999991,4.3956652,114.403801
397,barta.us,NA,42.244585999999998,-99.6518,581,9.066666578,55.000000000000000,225.373333300000013,6.5036454,780.62323
398,bayr.de,NA,49.916666669999998,11.583333330000000,745,8.508333363,72.000000000000000,162.652229199999994,24.030653,1475.484863
399,bldr.us,NA,39.972022000000003,-105.233544,487,9.904166626,49.000000000000000,136.126249999999999,43.7494888,469.1299133
400,bnbt.us,NA,39.597006999999998,-95.086276,944,12.39166659,58.000000000000000,893.386111099999994,23.0694714,933.4368896
401,bnch.us,NA,44.276685430000001,-121.9680169,1618,6.770833284,60.000000000000000,268.970000099999993,8.0125771,216.0787811
402,bogong.au,NA,-36.874,147.253999999999991,1678,5.983333338,46.000000000000000,527.158422200000018,12.1058798,218.6474762
403,bttr.us,NA,44.281312000000000,-121.94836,1623,6.499999925,66.000000000000000,231.333334199999996,8.0450287,216.0787811
404,bunya.au,NA,-26.892138,151.606666999999987,817,15.48749996,17.000000000000000,1233.215500000000020,8.5247698,192.3121185
405,burrawan.au,NA,-27.736138,151.139130999999992,643,18.2249999,43.000000000000000,199.119069400000001,3.8923032,255.264267
406,burren.ie,NA,53.072023000000002,-8.992624,1320,9.766666715,82.000000000000000,466.084444399999995,10.6343393,439.7623901
407,bynb.cn,NA,42.884700000000002,82.708799999999997,394,-6.566666729,17.000000000000000,109.033333299999995,1.7372631,273.6609802
408,cammead.us,NA,47.472499999999997,-120.583828,653,6.608333242,17.000000000000000,156.121000000000009,8.8053961,216.0787811
409,cbgb.us,NA,41.785066669999999,-93.38538333,871,9.258333459,104.000000000000000,409.684854200000018,20.5506706,933.4368896
410,cdcr.us,NA,45.424999999999997,-93.2115,740,6.337500023,124.000000000000000,175.692286700000011,11.9094782,897.5437012
411,cdpt.us,NA,41.206000000000003,-101.643,456,9.637500077,85.000000000000000,161.270627800000000,8.5513105,780.62323
412,cedr.us,NA,45.404148999999997,-93.200656,740,6.337500023,43.000000000000000,292.816666699999985,15.3766022,897.5437012
413,cereep.fr,NA,48.280000000000001,2.660000000000000,632,10.81666666,143.000000000000000,523.721515199999999,20.7824402,1476.593506
414,chilcas.ar,NA,-36.275556,-58.265556,955,15.09166658,104.000000000000000,586.243333300000018,13.9423313,456.0420227
415,chur_dn.us,NA,47.179027300000001,-88.6147752,810,4.825000058,43.000000000000000,302.458750000000009,12.6334248,816.6661377
416,colhill.us,NA,45.706046999999998,-121.068688,584,9.695833377,26.000000000000000,64.277000000000001,6.0462995,216.0787811
417,comp.pt,NA,38.829279999999997,-8.791406,564,16.58333332,104.000000000000000,262.880733299999974,8.4309464,351.6945801
418,cowi.ca,NA,48.808799999999998,-123.6301,762,10.44583333,28.000000000000000,475.443288900000027,32.258316,224.0832367
419,derr.au,NA,-37.80694444,144.791388899999987,565,14.76666677,19.000000000000000,123.166666699999993,28.2165852,238.2455902
420,doane.us,NA,40.695399999999999,-96.8541,739,10.64999998,41.000000000000000,248.967307699999992,11.505043,933.4368896
421,drake.za,NA,-28.96104204,29.267586000000001,1134,14.35833343,28.000000000000000,318.216666700000019,9.160696,453.3308411
422,elkh.us,NA,36.867860999999998,-121.739944,815,14.12916663,22.000000000000000,953.933333299999958,43.1867828,354.2384033
423,elliot.us,NA,32.875000000000000,-117.052243,344,17.7124999,55.000000000000000,313.312064099999986,15.1579638,175.4421692
424,elva.ee,NA,58.258286099999999,26.353860000000001,638,5.40833336,51.000000000000000,309.279999999999973,20.0947094,597.4761963
425,ethamc.au,NA,-23.7563333,138.474283299999996,192,24.0625,45.000000000000000,108.718666700000000,2.4789438,110.9257736
426,ethass.au,NA,-23.63861,138.398969999999991,203,23.95000007,46.000000000000000,730.273666700000035,2.8501887,110.9257736
427,fnly.us,NA,44.404451000000002,-123.348578,1226,11.63333345,64.000000000000000,257.505262399999992,9.5393295,199.456955
428,frue.ch,NA,47.114227000000000,8.540831000000001,1546,6.958333276,40.000000000000000,770.639166700000033,20.9215221,1479.478516
429,gall.it,NA,43.797100000000000,10.718500000000001,900,14.34166675,53.000000000000000,298.500000000000000,29.9414616,1479.478516
430,gce_brackish.us,NA,31.351333000000000,-81.334667,1304,19.65833342,20.000000000000000,957.618604699999992,0.5009896,401.4907227
431,gce_fresh.us,NA,31.335166999999998,-81.478667,1290,19.57083335,18.000000000000000,742.922580599999947,13.4275122,401.4907227
432,gce_salt.us,NA,31.518999999999998,-81.229667,1305,19.49583348,6.000000000000000,508.361818200000016,12.67134,401.4907227
433,gilb.za,NA,-29.28424,30.291740000000001,943,14.14166671,89.000000000000000,237.659333299999986,12.4505749,453.3308411
434,glac.us,NA,46.868772219999997,-123.0343556,1354,10.54999986,17.000000000000000,164.668651699999998,19.8641205,199.456955
435,glacphr.us,NA,46.870722000000001,-123.053588,1377,10.52500004,35.000000000000000,460.320499999999981,24.4380226,199.456955
436,glcr.us,NA,41.339205999999997,-96.13964,771,10.16250006,28.000000000000000,504.805555599999991,42.3704491,933.4368896
437,hall.us,NA,36.871943999999999,-86.70167,1289,13.82916669,53.000000000000000,518.558333299999958,37.2923088,745.309021
438,hart.us,NA,42.723745000000001,-119.49767,259,7.749999896,48.000000000000000,88.611111109999996,11.7745476,222.7404327
439,hast.us,NA,36.388089999999998,-121.549972,975,11.37500005,32.000000000000000,163.258332800000005,8.7048197,354.2384033
440,hero.uk,NA,51.411000000000001,-0.639,668,10.17083331,77.000000000000000,508.949458800000002,28.7961922,976.9347534
441,hiko.ir,NA,35.946659640000000,53.289900000000003,207,3.787499971,136.000000000000000,119.029989799999996,10.4774771,254.9746704
442,hnvr.us,NA,43.698655000000002,-72.230188,1044,6.487500033,46.000000000000000,347.270833299999993,22.3259506,498.75177
443,hogone.us,NA,37.417000000000002,-75.686,1042,14.71249998,29.000000000000000,322.066666699999985,0.266709,551.520874
444,hogtwo.us,NA,37.417000000000002,-75.686,1042,14.71249998,23.000000000000000,,0.266709,551.520874
445,hopl.us,NA,39.012753429999997,-123.0603134,1065,13.2416667,128.000000000000000,235.014643000000007,15.2879009,234.5391235
446,hustai.mn,NA,47.666527780000003,105.967777799999993,243,-0.49583337,53.000000000000000,258.187500000000000,12.1121855,195.3711548
447,jash.ir,NA,35.783256670000000,53.171703330000000,185,7.70416672,29.000000000000000,84.546000000000006,9.2047243,254.9746704
448,jasp.us,NA,37.405000450000003,-122.2411342,574,13.85833322,34.000000000000000,298.253333300000008,18.3371391,354.2384033
449,jena.de,NA,50.938000000000002,11.528347000000000,654,8.570833226,74.000000000000000,334.622133299999973,36.7798958,1475.484863
450,jorn.us,NA,32.544340740000003,-106.8108509,275,15.40416674,35.000000000000000,237.443333300000006,10.6174984,299.6559143
451,kark.se,NA,68.392168999999996,18.323098000000002,758,-1.737500047,35.000000000000000,100.155000000000001,0.8933744,160.613739
452,kbs.us,NA,42.408985999999999,-85.3909,903,8.795833436,79.000000000000000,537.645125000000007,24.3968544,977.4589844
453,khos.ir,NA,35.443739999999998,50.668406670000003,236,16.26249986,31.000000000000000,83.239999999999995,7.0000701,480.7709045
454,kibber.in,NA,32.319726670000001,78.009540000000001,400,-1.454166631,37.000000000000000,37.133333329999999,10.9348993,1539.635986
455,kidman.au,NA,-16.10846,130.953100000000006,724,27.2583334,59.000000000000000,364.683499999999981,1.3399652,233.3781281
456,kilp.fi,NA,69.056700000000006,20.874700000000001,569,-3.250000015,125.000000000000000,181.947046800000010,12.1352043,160.613739
457,kiny.au,NA,-36.2,143.750000000000000,408,15.59166652,117.000000000000000,163.406060599999989,15.326128,218.6474762
458,kirik.ee,NA,58.710000000000001,23.795000000000002,620,6.162500057,84.000000000000000,179.634333300000009,13.4582539,597.4761963
459,klua.ca,NA,61.036450000000002,-138.38266,382,-2.429166694,19.000000000000000,236.379999999999995,12.1685219,48.3042488
460,koffler.ca,NA,44.024047000000003,-79.535881,853,6.279166656,53.000000000000000,659.964611099999956,30.3274117,827.0494385
461,konz.us,NA,39.070855999999999,-96.582821,889,12.07500006,98.000000000000000,444.407692300000008,8.8303547,933.4368896
462,konzn1b.us,NA,39.080936000000001,-96.564825,892,12.01249998,68.000000000000000,285.865000000000009,8.9912672,933.4368896
463,kord.ir,NA,35.956343330000003,50.854713330000003,261,13.08750018,35.000000000000000,46.166333330000001,20.9617386,480.7709045
464,lac.ca,NA,50.880740000000003,-120.44878,589,3.199999996,33.000000000000000,204.264999999999986,4.6180544,247.0965118
465,lagoas.br,NA,-20.982778,-51.798889,1145,23.20416669,34.000000000000000,240.062500000000000,34.2626266,733.0216675
466,lake.us,NA,43.384683000000003,-95.181052,726,7.287500044,89.000000000000000,592.567857099999969,24.2455883,897.5437012
467,lakta.se,NA,68.402304000000001,18.448063000000001,390,-0.804166615,28.000000000000000,230.830000000000013,1.7139158,160.613739
468,lancaster.uk,NA,53.985624710000003,-2.628417566,1522,8.008333346,34.000000000000000,108.916833299999993,5.9796925,692.541626
469,lasm.ir,NA,35.808666289999998,52.204675430000002,203,6.004166623,131.000000000000000,70.125714290000005,30.3658371,480.7709045
470,lazo.ir,NA,35.861939999999997,52.621220000000001,201,5.720833272,50.000000000000000,170.029333299999990,5.5287728,254.9746704
471,lead.us,NA,46.614899999999999,-124.0484,2224,10.89583328,13.000000000000000,467.391666699999973,6.897961,199.456955
472,look.us,NA,44.205177069999998,-122.1284473,1877,6.895833333,57.000000000000000,222.607953799999990,4.0504203,216.0787811
473,lubb.us,NA,33.600009999999997,-101.89765,480,15.84583325,20.000000000000000,99.302833329999999,36.0133171,643.0072021
474,marc.ar,NA,-37.71516,-57.42451,907,14.31666676,68.000000000000000,682.266454999999951,19.0511189,126.0132675
475,marcel.us,NA,47.229916000000003,-118.408463,306,9.045833339,11.000000000000000,64.914000000000001,19.5011272,216.0787811
476,mars.ca,NA,60.555790000000002,-134.4292,253,-0.979166771,30.000000000000000,273.024999999999977,12.7840185,59.1627655
477,mcdan.us,NA,39.528033000000001,-77.04138,1085,11.62083337,92.000000000000000,441.902083300000015,32.5019875,845.0755005
478,mcla.us,NA,38.864272120000003,-122.4064063,936,13.97083341,80.000000000000000,276.659523200000024,17.2862701,222.7404327
479,meto.us,NA,37.417000000000002,-75.686,1042,14.71249998,19.000000000000000,,0.263664,551.520874
480,mitch.au,NA,-22.483584,143.323500999999993,421,24.45416673,17.000000000000000,459.295000000000016,10.8403292,143.8786469
481,mmounds.us,NA,46.891340000000000,-123.060965,1413,10.3875001,32.000000000000000,407.949500000000000,20.698019,199.456955
482,moab.us,NA,38.781999999999996,-109.652,244,11.66666669,23.000000000000000,18.233333330000001,6.8204474,297.7605896
483,mrapids.us,NA,48.033487999999998,-119.891601,279,10.29999983,15.000000000000000,63.768000000000001,16.9848003,247.0965118
484,msla.us,NA,46.664613000000003,-114.0005227,340,7.316666628,62.000000000000000,159.630434799999989,9.1776562,259.0683289
485,msla_2.us,NA,46.664887000000000,-114.001321,340,7.316666628,45.000000000000000,102.739583300000007,9.1776562,259.0683289
486,msla_3.us,NA,46.664743999999999,-114.001678,340,7.316666628,50.000000000000000,92.567999999999998,9.1776562,259.0683289
487,msum.us,NA,46.869624180000002,-96.45352319,556,4.987500096,47.000000000000000,309.329166699999973,24.9485741,897.5437012
488,mtca.au,NA,-31.782138,117.610853000000006,324,17.74583335,79.000000000000000,175.452678600000013,16.9397392,81.3067474
489,nap.ca,NA,50.449440000000003,-120.31672,390,4.987500094,26.000000000000000,268.610000000000014,5.2365613,247.0965118
490,neba.jp,NA,35.232140000000001,137.662488999999994,2114,8.691666648,82.000000000000000,312.125821400000007,14.9371815,733.5625
491,nilla.au,NA,-36.896,146.007000000000005,947,13.7833333,32.000000000000000,152.402904799999988,10.8102789,218.6474762
492,niwo.us,NA,39.993000000000002,-105.375,446,6.579166642,42.000000000000000,121.734999999999999,15.053299,469.1299133
493,ovor.mn,NA,47.768833299999997,106.885033300000003,275,-1.487499878,47.000000000000000,177.766666700000002,11.9962282,195.3711548
494,ozin.ir,NA,35.656686669999999,52.444176669999997,181,9.279166674,35.000000000000000,58.186333329999997,18.7072067,480.7709045
495,pape.de,NA,53.085999999999999,7.472800000000000,788,9.120833286,14.000000000000000,948.814285700000028,19.6201057,977.6321411
496,pich.ec,NA,-0.131550788,-78.57326091,2566,21.79583343,70.000000000000000,814.992857100000037,12.4300489,574.4157715
497,ping.au,NA,-32.496169,116.972947000000005,456,16.27916669,25.000000000000000,254.802296299999995,11.5508709,61.0226746
498,pinj.au,NA,-27.530556,152.923222000000010,1085,19.99166675,34.000000000000000,748.866666699999996,27.5887146,98.8913651
499,podo.ec,NA,-4.11,-79.16,1105,11.14583331,66.000000000000000,959.970000000000027,2.9739602,398.1607361
500,potrok.ar,NA,-51.91602778,-70.40744444,249,6.620833296,35.000000000000000,88.831481479999994,7.9021425,55.7273483
501,rams.us,NA,30.514410999999999,-90.169853,1616,19.34166685,98.000000000000000,,21.578783,513.0458374
502,rook.uk,NA,51.405999999999999,-0.644,685,10.12916666,39.000000000000000,180.216317699999991,30.7986641,976.9347534
503,saana.fi,NA,69.036799999999999,20.843299999999999,521,-2.599999969,115.000000000000000,144.063186199999990,15.2737112,160.613739
504,sage.us,NA,39.430000000000000,-120.24,831,5.829166705,45.000000000000000,123.671428599999999,8.1665077,222.7404327
505,sala.ir,NA,34.517980000000001,50.398973329999997,214,16.08333327,55.000000000000000,94.263333329999995,15.4418325,480.7709045
506,saline.us,NA,39.049999999999997,-99.1,608,12.10416666,122.000000000000000,243.970833300000010,9.6106682,780.62323
507,sandhill.us,NA,34.957380000000001,-79.51774,1203,16.19166677,60.000000000000000,287.005277799999988,10.3425493,740.7620239
508,sava.us,NA,33.343893999999999,-81.650936,1184,17.42916672,71.000000000000000,85.390000000000001,12.0101442,740.7620239
509,sedg.us,NA,34.700000000000003,-120.0166667,478,15.57500005,34.000000000000000,340.131363500000020,9.4708729,354.2384033
510,sereng.tz,NA,-2.429387,34.857435000000002,827,21.94166656,75.000000000000000,298.766666699999973,13.4469385,265.1708069
511,sevi.us,NA,34.359200000000001,-106.6905,252,13.06250015,81.000000000000000,138.800413200000008,10.014863,399.7457886
512,sgs.us,NA,40.816670000000002,-104.76667,369,8.945833281,80.000000000000000,105.472466699999998,10.1270828,469.1299133
513,shps.us,NA,44.257212000000003,-112.205337,246,5.320833323,125.000000000000000,127.754166699999999,10.5303869,339.6396484
514,sier.us,NA,39.235509630000003,-121.2836963,936,16.30833341,124.000000000000000,305.227205500000025,17.0412464,222.7404327
515,smith.us,NA,48.206580680000002,-122.624754,605,10.1833334,57.000000000000000,372.260318299999994,25.4834785,224.0832367
516,spar.ca,NA,49.011920000000003,-119.60113,376,6.975,34.000000000000000,186.775000000000006,4.2634878,247.0965118
517,spin.us,NA,38.132221999999999,-84.502778,1152,12.48333327,57.000000000000000,473.884313700000007,26.0706158,977.4589844
518,spv.ar,NA,-42.653747,-64.171606,216,13.15833343,22.000000000000000,71.627549999999999,10.1908512,68.1189499
519,stew.ca,NA,63.457599999999999,-136.94624,335,-3.670833309,19.000000000000000,162.705000000000013,9.5053911,49.5848732
520,summ.za,NA,-29.81161,30.715730000000001,944,18.43750012,105.000000000000000,365.915624999999977,31.9334984,453.3308411
521,sval.no,NA,78.690179999999998,16.447120000000002,302,-7.574999941,18.000000000000000,315.347777800000017,8.0125027,75.6227646
522,tale.ir,NA,36.137380409999999,50.717117690000002,261,8.854166721,147.000000000000000,153.466127900000004,12.3989487,480.7709045
523,tatc.ca,NA,62.300500000000000,-136.18262,273,-2.458333294,17.000000000000000,267.564999999999998,8.0123043,59.1627655
524,tejon_foot.us,NA,35.024753599999997,-118.6777248,840,13.04583333,51.000000000000000,288.324999999999989,4.9004221,354.2384033
525,tejon_north.us,NA,34.977777779999997,-118.5947222,812,13.27499998,39.000000000000000,213.469999999999999,15.4773312,354.2384033
526,tejon_south.us,NA,34.971111110000002,-118.5819444,809,13.29999992,34.000000000000000,227.291666700000007,8.5395412,354.2384033
527,temple.us,NA,31.044000000000000,-97.349,877,19.39583355,97.000000000000000,845.448912999999948,25.4188919,634.6031494
528,thth.is,NA,65.901290000000003,-17.08927,572,1.216666658,58.000000000000000,296.465433299999972,0.7198454,110.3292236
529,tmlr.is,NA,65.901290000000003,-17.08927,572,1.216666658,35.000000000000000,23.489311109999999,0.7198454,110.3292236
530,trel.us,NA,40.075000000000003,-88.829,992,11.07083331,25.000000000000000,1102.597172000000000,16.4824734,954.3803101
531,twostep.us,NA,47.599998999999997,-119.620507,242,8.44999994,14.000000000000000,95.200000000000003,16.1872787,216.0787811
532,tyso.us,NA,38.519092000000001,-90.564792,980,12.67500002,60.000000000000000,478.939687499999991,21.6665173,954.3803101
533,ucsc.us,NA,36.984861000000002,-122.05025,542,14.07083331,17.000000000000000,2138.599999999999909,36.1334839,354.2384033
534,ufrec.us,NA,27.433333000000001,-81.916667,1284,22.42916671,2.000000000000000,642.777777799999967,14.6404924,227.4994202
535,ukul.za,NA,-29.670238,30.401050999999999,832,17.65416663,205.000000000000000,534.292972200000008,21.8324795,453.3308411
536,unc.us,NA,36.008279999999999,-79.020423,1157,14.86250004,67.000000000000000,330.571466699999974,26.1286907,740.7620239
537,uwo.ca,NA,43.193131000000001,-81.317807,1035,7.362499919,33.000000000000000,259.765333300000009,21.9051456,827.0494385
538,valm.ch,NA,46.631345000000003,10.372252000000000,681,0.133333397,115.000000000000000,211.820512799999989,14.8282871,1479.478516
539,vargrass.no,NA,70.327969999999993,29.539800000000000,607,-2.049999977,86.000000000000000,399.007170900000006,0.6064544,195.3769531
540,varheath.no,NA,70.327969999999993,29.539800000000000,607,-2.049999977,47.000000000000000,497.567434699999978,0.6064544,195.3769531
541,vass.se,NA,68.416978999999998,18.274395999999999,778,-1.425000037,39.000000000000000,163.564999999999998,9.2434435,160.613739
542,veluwe.nl,NA,52.026547000000001,5.807947000000000,851,9.487499991,73.000000000000000,141.324333300000006,21.3220406,1476.593506
543,wupatki.us,NA,35.583810999999997,-111.512906,342,21.26249993,14.000000000000000,107.689999999999998,12.2307711,274.468689
544,yarra.au_NutNetdf,NA,-33.613694,150.738031000000007,844,17.32083333,43.000000000000000,378.153225799999973,24.6509876,291.1624756
